-- MySQL dump 10.13  Distrib 5.1.41, for debian-linux-gnu (i486)
--
-- Host: localhost    Database: ariadna_items
-- ------------------------------------------------------
-- Server version	5.1.41-3ubuntu12.10

/*!40101 SET @OLD_CHARACTER_SET_CLIENT=@@CHARACTER_SET_CLIENT */;
/*!40101 SET @OLD_CHARACTER_SET_RESULTS=@@CHARACTER_SET_RESULTS */;
/*!40101 SET @OLD_COLLATION_CONNECTION=@@COLLATION_CONNECTION */;
/*!40101 SET NAMES utf8 */;
/*!40103 SET @OLD_TIME_ZONE=@@TIME_ZONE */;
/*!40103 SET TIME_ZONE='+00:00' */;
/*!40014 SET @OLD_UNIQUE_CHECKS=@@UNIQUE_CHECKS, UNIQUE_CHECKS=0 */;
/*!40014 SET @OLD_FOREIGN_KEY_CHECKS=@@FOREIGN_KEY_CHECKS, FOREIGN_KEY_CHECKS=0 */;
/*!40101 SET @OLD_SQL_MODE=@@SQL_MODE, SQL_MODE='NO_AUTO_VALUE_ON_ZERO' */;
/*!40111 SET @OLD_SQL_NOTES=@@SQL_NOTES, SQL_NOTES=0 */;

--
-- Current Database: `ariadna_items`
--

CREATE DATABASE /*!32312 IF NOT EXISTS*/ `ariadna_items` /*!40100 DEFAULT CHARACTER SET utf8 */;

USE `ariadna_items`;

--
-- Temporary table structure for view `carabiner`
--

DROP TABLE IF EXISTS `carabiner`;
/*!50001 DROP VIEW IF EXISTS `carabiner`*/;
SET @saved_cs_client     = @@character_set_client;
SET character_set_client = utf8;
/*!50001 CREATE TABLE `carabiner` (
  `Ид` int(11),
  `№` int(32),
  `Модель` varchar(64),
  `Производитель` varchar(32),
  `Дата добавления` timestamp,
  `Цвет` varchar(128),
  `Вес` bigint(67) unsigned,
  `Форма` varchar(128),
  `Муфта` varchar(128),
  `Раскрытие защёлки` bigint(67) unsigned,
  `Нагрузка по продольной оси` bigint(67) unsigned,
  `Примечание` varchar(128)
) ENGINE=MyISAM */;
SET character_set_client = @saved_cs_client;

--
-- Table structure for table `delivery`
--

DROP TABLE IF EXISTS `delivery`;
/*!40101 SET @saved_cs_client     = @@character_set_client */;
/*!40101 SET character_set_client = utf8 */;
CREATE TABLE `delivery` (
  `delivery_packet_id` int(11) NOT NULL COMMENT 'Пакет выдачи снаряжения',
  `item_id` int(11) NOT NULL COMMENT 'Единицы снаряжения',
  PRIMARY KEY (`delivery_packet_id`,`item_id`),
  KEY `delivery_fk_item_id` (`item_id`),
  CONSTRAINT `delivery_fk_delivery_packet_id` FOREIGN KEY (`delivery_packet_id`) REFERENCES `delivery_packet` (`delivery_packet_id`) ON DELETE CASCADE ON UPDATE CASCADE,
  CONSTRAINT `delivery_fk_item_id` FOREIGN KEY (`item_id`) REFERENCES `item` (`id`) ON DELETE CASCADE ON UPDATE CASCADE
) ENGINE=InnoDB DEFAULT CHARSET=utf8 COMMENT='Выдачи единицы снаряжения';
/*!40101 SET character_set_client = @saved_cs_client */;

--
-- Dumping data for table `delivery`
--

LOCK TABLES `delivery` WRITE;
/*!40000 ALTER TABLE `delivery` DISABLE KEYS */;
/*!40000 ALTER TABLE `delivery` ENABLE KEYS */;
UNLOCK TABLES;

--
-- Table structure for table `delivery_packet`
--

DROP TABLE IF EXISTS `delivery_packet`;
/*!40101 SET @saved_cs_client     = @@character_set_client */;
/*!40101 SET character_set_client = utf8 */;
CREATE TABLE `delivery_packet` (
  `delivery_packet_id` int(11) NOT NULL COMMENT 'Сурогатный идентификатор пакета выдачи снаряжения',
  `member_id` int(11) NOT NULL COMMENT 'Член клуба',
  `event` varchar(64) NOT NULL COMMENT 'Мероприятие',
  `delivery_date` timestamp NOT NULL DEFAULT CURRENT_TIMESTAMP COMMENT 'Дата выдачи снаряжения',
  `expected_return_date` datetime NOT NULL COMMENT 'Дата примерного возврата снаряжения',
  PRIMARY KEY (`delivery_packet_id`),
  KEY `delivery_packet_fk_member_id` (`member_id`),
  CONSTRAINT `delivery_packet_fk_member_id` FOREIGN KEY (`member_id`) REFERENCES `member` (`member_id`) ON DELETE NO ACTION ON UPDATE CASCADE
) ENGINE=InnoDB DEFAULT CHARSET=utf8 COMMENT='Пакет выдачи снаряжения';
/*!40101 SET character_set_client = @saved_cs_client */;

--
-- Dumping data for table `delivery_packet`
--

LOCK TABLES `delivery_packet` WRITE;
/*!40000 ALTER TABLE `delivery_packet` DISABLE KEYS */;
/*!40000 ALTER TABLE `delivery_packet` ENABLE KEYS */;
UNLOCK TABLES;

--
-- Table structure for table `discarded`
--

DROP TABLE IF EXISTS `discarded`;
/*!40101 SET @saved_cs_client     = @@character_set_client */;
/*!40101 SET character_set_client = utf8 */;
CREATE TABLE `discarded` (
  `item_id` int(11) NOT NULL COMMENT 'Списываемая единица снаряжения',
  `delivery_packet_id` int(11) NOT NULL COMMENT 'Пакет выдачи снаряжения',
  PRIMARY KEY (`item_id`),
  KEY `discarded_fk_item_id_delivery_packet_id` (`delivery_packet_id`,`item_id`),
  CONSTRAINT `discarded_fk_item_id` FOREIGN KEY (`item_id`) REFERENCES `discarded_item` (`item_id`) ON DELETE CASCADE ON UPDATE CASCADE,
  CONSTRAINT `discarded_fk_item_id_delivery_packet_id` FOREIGN KEY (`delivery_packet_id`, `item_id`) REFERENCES `delivery` (`delivery_packet_id`, `item_id`) ON DELETE CASCADE ON UPDATE CASCADE
) ENGINE=InnoDB DEFAULT CHARSET=utf8 COMMENT='Связь списание единицы снаряжения с выдачей её члену клуба';
/*!40101 SET character_set_client = @saved_cs_client */;

--
-- Dumping data for table `discarded`
--

LOCK TABLES `discarded` WRITE;
/*!40000 ALTER TABLE `discarded` DISABLE KEYS */;
/*!40000 ALTER TABLE `discarded` ENABLE KEYS */;
UNLOCK TABLES;

--
-- Table structure for table `discarded_item`
--

DROP TABLE IF EXISTS `discarded_item`;
/*!40101 SET @saved_cs_client     = @@character_set_client */;
/*!40101 SET character_set_client = utf8 */;
CREATE TABLE `discarded_item` (
  `item_id` int(11) NOT NULL COMMENT 'Списываемая единица снаряжения',
  `discarded_date` timestamp NOT NULL DEFAULT CURRENT_TIMESTAMP COMMENT 'Дата списания единицы снаряжения',
  `cause` varchar(256) NOT NULL COMMENT 'Причина списания единицы снаряжения',
  PRIMARY KEY (`item_id`),
  CONSTRAINT `discarded_item_fk_item_id` FOREIGN KEY (`item_id`) REFERENCES `item` (`id`) ON DELETE NO ACTION ON UPDATE CASCADE
) ENGINE=InnoDB DEFAULT CHARSET=utf8 COMMENT='Списание единицы снаряжения';
/*!40101 SET character_set_client = @saved_cs_client */;

--
-- Dumping data for table `discarded_item`
--

LOCK TABLES `discarded_item` WRITE;
/*!40000 ALTER TABLE `discarded_item` DISABLE KEYS */;
/*!40000 ALTER TABLE `discarded_item` ENABLE KEYS */;
UNLOCK TABLES;

--
-- Table structure for table `item`
--

DROP TABLE IF EXISTS `item`;
/*!40101 SET @saved_cs_client     = @@character_set_client */;
/*!40101 SET character_set_client = utf8 */;
CREATE TABLE `item` (
  `id` int(11) NOT NULL AUTO_INCREMENT COMMENT 'Сурогатный идентификатор единицы снаряжения',
  `number` int(32) NOT NULL COMMENT 'Порядковый номер единицы снаряжения',
  `model_name` varchar(64) NOT NULL COMMENT 'Имя модели',
  `vendor` varchar(32) NOT NULL COMMENT 'Имя производителя',
  `type` varchar(64) NOT NULL COMMENT 'Тип снаряжения',
  `receipt_date` timestamp NOT NULL DEFAULT CURRENT_TIMESTAMP COMMENT 'Дата поступления единицы снаряжения',
  `note` varchar(128) NOT NULL DEFAULT 'Нету' COMMENT 'Примечание',
  PRIMARY KEY (`id`),
  UNIQUE KEY `item_uk_number_type` (`number`,`type`),
  KEY `item_fk_model_name_vendor_type` (`model_name`,`vendor`,`type`),
  CONSTRAINT `item_fk_model_name_vendor_type` FOREIGN KEY (`model_name`, `vendor`, `type`) REFERENCES `model` (`name`, `vendor`, `type`) ON DELETE NO ACTION ON UPDATE CASCADE
) ENGINE=InnoDB AUTO_INCREMENT=154 DEFAULT CHARSET=utf8 COMMENT='Единица снаряжения';
/*!40101 SET character_set_client = @saved_cs_client */;

--
-- Dumping data for table `item`
--

LOCK TABLES `item` WRITE;
/*!40000 ALTER TABLE `item` DISABLE KEYS */;
INSERT INTO `item` VALUES (1,1,'Дюр. трапециевидный иремель','Искра','Карабин','2011-04-21 12:58:21','Нету'),(2,14,'Дюр. трапециевидный малый keylock ринг','Ринг','Карабин','2011-04-21 13:02:47','Нету'),(3,12,'Дюр. трапециевидный keylock ринг','Ринг','Карабин','2011-04-21 13:02:47','Нету'),(5,2,'Дюр. трапециевидный иремель','Искра','Карабин','2011-04-21 13:02:47','Нету'),(6,3,'Дюр. трапециевидный иремель','Искра','Карабин','2011-04-21 13:02:47','Нету'),(7,4,'Дюр. трапециевидный keylock ринг','Ринг','Карабин','2011-04-21 13:02:47','Нету'),(8,5,'Дюр. трапециевидный keylock ринг','Ринг','Карабин','2011-04-21 13:02:47','Нету'),(9,6,'Дюр. трапециевидный ринг','Ринг','Карабин','2011-04-21 13:02:47','Нету'),(10,7,'Дюр. трапециевидный keylock ринг','Ринг','Карабин','2011-04-21 13:02:47','Нету'),(11,8,'Дюр. трапециевидный ринг','Ринг','Карабин','2011-04-21 13:02:47','Нету'),(12,9,'Дюр. трапециевидный иремель','Искра','Карабин','2011-04-21 13:02:47','Нету'),(13,10,'Дюр. Vualter','Vualter','Карабин','2011-04-21 13:02:47','Нету'),(14,11,'Дюр. трапециевидный keylock ринг','Ринг','Карабин','2011-04-21 13:02:47','Нету'),(31,13,'Дюр. трапециевидный keylock ринг','Ринг','Карабин','2011-04-21 13:04:46','Нету'),(32,15,'Дюр. треугольный ринг','Ринг','Карабин','2011-04-21 13:08:24','Нету'),(33,1,'Статика 10','Tendon','Верёвка','2011-04-21 13:20:16','Нету'),(34,2,'Статика 10','Коломна','Верёвка','2011-04-21 13:24:53','Нету'),(35,3,'Smart 10,5','Tendon','Верёвка','2011-04-21 13:46:29','Нету'),(36,4,'Чёрная верёвка','Венто','Верёвка','2011-04-21 13:46:56','Нету'),(37,5,'Статика 10','Коломна','Верёвка','2011-04-21 13:49:21','Нету'),(38,6,'Жёлто-синия верёвка','Неизвестно','Верёвка','2011-04-21 13:56:46','Нету'),(39,7,'Статика 10','Коломна','Верёвка','2011-04-21 14:11:50','Нету'),(40,8,'Статика 10','Коломна','Верёвка','2011-04-21 14:11:50','Нету'),(43,9,'Статика 10','Коломна','Верёвка','2011-04-21 14:57:28','Нету'),(51,11,'Зелёная верёвка','Неизвестно','Верёвка','2011-04-21 15:32:51','Нету'),(52,10,'Зелёная верёвка','Неизвестно','Верёвка','2011-04-21 15:32:51','Нету'),(53,12,'Зелёная верёвка в полосочку','Неизвестно','Верёвка','2011-04-21 15:52:47','Нету'),(54,13,'Статика 10','Коломна','Верёвка','2011-04-21 16:01:11','Нету'),(55,1,'Open sling 120','Singing Rock','Петля','2011-04-25 12:59:32','Красная'),(56,2,'Open sling 120','Singing Rock','Петля','2011-04-25 13:00:25','Красная'),(57,3,'Люкс из Lanex 150','Венто','Петля','2011-04-25 13:12:15','В красную полосочку'),(58,4,'Петля Стандарт 50','Венто','Петля','2011-04-25 13:33:30','Ораньжеваия'),(59,5,'Петля Стандарт 60','Венто','Петля','2011-04-25 13:49:34','Белая'),(60,6,'Петля Стандарт 150','Венто','Петля','2011-04-25 13:53:33','Белая'),(61,5,'Express sling 13','Singing Rock','Оттяжка','2011-04-25 14:32:31','Чёрно-бордовая'),(62,4,'Express sling 13','Singing Rock','Оттяжка','2011-04-25 14:32:31','Чёрно-оранжевая'),(63,3,'Express sling 13','Singing Rock','Оттяжка','2011-04-25 14:32:31','Коричнево-бордовая'),(64,2,'Express sling 13','Singing Rock','Оттяжка','2011-04-25 14:32:31','Коричнево-бордовая'),(65,1,'Express sling 13','Singing Rock','Оттяжка','2011-04-25 14:32:31','Чёрно-синия'),(66,6,'Express sling 16','Singing Rock','Оттяжка','2011-04-25 14:43:23','Чёрно-оранжевая'),(67,12,'Express sling 16','Singing Rock','Оттяжка','2011-04-25 14:43:23','Чёрно-оранжевая'),(68,8,'Express sling 16','Singing Rock','Оттяжка','2011-04-25 14:43:23','Чёрно-оранжевая'),(69,11,'Express sling 16','Singing Rock','Оттяжка','2011-04-25 14:43:23','Сини-коричневая'),(70,9,'Express sling 16','Singing Rock','Оттяжка','2011-04-25 14:43:23','Сини-коричневая'),(71,10,'Express sling 16','Singing Rock','Оттяжка','2011-04-25 14:43:23','Сини-коричневая'),(72,7,'Express sling 16','Singing Rock','Оттяжка','2011-04-25 14:43:23','Сини-коричневая'),(73,14,'Express sling 16','Singing Rock','Оттяжка','2011-04-25 14:43:23','Коричнево-бордовая'),(74,15,'Express sling 16','Singing Rock','Оттяжка','2011-04-25 14:43:23','Чёрно-оранжевая'),(75,13,'Express sling 16','Singing Rock','Оттяжка','2011-04-25 14:43:23','Чёрно-оранжевая'),(76,20,'Express sling 30','Singing Rock','Оттяжка','2011-04-25 14:45:20','Зелёно-коричневая'),(77,19,'Express sling 30','Singing Rock','Оттяжка','2011-04-25 14:45:20','Зелёно-коричневая'),(78,18,'Express sling 30','Singing Rock','Оттяжка','2011-04-25 14:45:20','Зелёно-коричневая'),(79,17,'Express sling 30','Singing Rock','Оттяжка','2011-04-25 14:45:20','Зелёно-коричневая'),(80,16,'Express sling 30','Singing Rock','Оттяжка','2011-04-25 14:45:20','Зелёно-коричневая'),(82,14,'Статика 10','Коломна','Верёвка','2011-04-27 17:22:05','Нету'),(83,21,'Оттяжка Стандарт 40','Венто','Оттяжка','2011-04-28 12:48:26','Ораньжевый'),(84,22,'Оттяжка Стандарт 25','Венто','Оттяжка','2011-04-28 13:33:32','Ораньшевый'),(85,23,'Оттяжка Стандарт 25','Венто','Оттяжка','2011-04-28 13:33:32','Жёлтый'),(86,24,'Оттяжка Стандарт 25','Венто','Оттяжка','2011-04-28 13:33:32','Белый'),(87,25,'Оттяжка Стандарт 25','Венто','Оттяжка','2011-04-28 13:33:32','Белый'),(88,26,'Оттяжка Стандарт 17','Венто','Оттяжка','2011-04-28 13:47:03','Жёлтая'),(89,27,'Оттяжка Стандарт 17','Венто','Оттяжка','2011-04-28 13:47:03','Ораньжевая'),(90,28,'Оттяжка 30','Неизвестно','Оттяжка','2011-04-28 13:47:03','Белая'),(91,29,'Оттяжка 10','Salewa','Оттяжка','2011-04-28 13:52:48','Чёрная'),(92,4,'Закладка № 4','Венто','Закладка','2011-04-28 14:38:28','Нету'),(93,5,'Закладка № 5','Венто','Закладка','2011-04-28 14:38:28','Нету'),(94,7,'Закладка № 7','Венто','Закладка','2011-04-28 14:38:28','Нету'),(95,8,'Закладка № 8','Венто','Закладка','2011-04-28 14:38:28','Нету'),(96,9,'Закладка № 9','Венто','Закладка','2011-04-28 14:38:28','Нету'),(97,10,'Закладка № 10','Венто','Закладка','2011-04-28 14:38:28','Нету'),(98,1,'Френд','Неизвестно','Френд','2011-04-28 14:50:25','Нету'),(99,2,'Френд','Неизвестно','Френд','2011-04-28 14:50:25','Нету'),(100,15,'Статика 10','Коломна','Верёвка','2011-05-04 17:37:01','Нету'),(101,16,'Статика 10','Коломна','Верёвка','2011-05-04 17:37:01','Нету'),(102,16,'Дюр. трапециевидный ринг','Ринг','Карабин','2011-05-10 18:17:47','Нету'),(103,17,'Дюр. трапециевидный ринг','Ринг','Карабин','2011-05-10 18:17:47','Нету'),(104,18,'Дюр. трапециевидный ринг','Ринг','Карабин','2011-05-10 18:17:47','Нету'),(105,19,'Дюр. трапециевидный ринг','Ринг','Карабин','2011-05-10 18:17:47','Нету'),(106,20,'Ст. трапециевидный ринг','Ринг','Карабин','2011-05-10 18:17:47','Нету'),(107,21,'Ст. трапециевидный ринг','Ринг','Карабин','2011-05-10 18:17:47','Нету'),(108,22,'Ст. трапециевидный ринг','Ринг','Карабин','2011-05-10 18:17:47','Нету'),(109,23,'Ст. трапециевидный ринг','Ринг','Карабин','2011-05-10 18:17:47','Нету'),(110,24,'Ст. трапециевидный ринг','Ринг','Карабин','2011-05-10 18:17:47','Нету'),(111,25,'Ст. трапециевидный ринг','Ринг','Карабин','2011-05-10 18:17:47','Нету'),(112,26,'Ст. трапециевидный ринг','Ринг','Карабин','2011-05-10 18:17:47','Нету'),(113,27,'Ст. трапециевидный ринг','Ринг','Карабин','2011-05-10 18:17:47','Нету'),(114,28,'Ст. трапециевидный ринг','Ринг','Карабин','2011-05-10 18:17:47','Нету'),(115,1,'Модифицированная','Венто','Верхнаяя система','2011-05-12 11:19:40','Нету'),(116,2,'Модифицированная','Венто','Верхнаяя система','2011-05-12 11:19:40','Нету'),(117,3,'Модифицированная','Венто','Верхнаяя система','2011-05-12 11:19:40','Нету'),(118,4,'Модифицированная','Венто','Верхнаяя система','2011-05-12 11:19:40','Нету'),(119,5,'Бабочка регулируемая','Венто','Верхнаяя система','2011-05-12 11:19:40','Нету'),(120,6,'Бабочка регулируемая','Венто','Верхнаяя система','2011-05-12 11:19:40','Нету'),(121,7,'Бабочка регулируемая','Венто','Верхнаяя система','2011-05-12 11:19:40','Нету'),(122,8,'Модифицированная','Венто','Верхнаяя система','2011-05-12 11:19:40','Нету'),(123,9,'Модифицированная','Венто','Верхнаяя система','2011-05-12 11:19:40','Нету'),(124,1,'Люкс','Венто','Нижняя система','2011-05-25 11:58:26','Нету'),(125,2,'Скалолазная стандарт','Венто','Нижняя система','2011-05-25 11:58:26','Нету'),(126,3,'Скалолазная стандарт','Венто','Нижняя система','2011-05-25 11:58:26','Нету'),(127,4,'Люкс','Венто','Нижняя система','2011-05-25 11:58:26','Нету'),(128,5,'Люкс','Венто','Нижняя система','2011-05-25 11:58:26','Нету'),(129,6,'Люкс','Венто','Нижняя система','2011-05-25 11:58:26','Нету'),(130,7,'Люкс','Венто','Нижняя система','2011-05-25 11:58:26','Нету'),(131,8,'Люкс','Венто','Нижняя система','2011-05-25 11:58:26','Нету'),(132,9,'Люкс','Венто','Нижняя система','2011-05-25 11:58:26','Нету'),(133,1,'Восьмёрка','Венто','Спусковое-страховочное устройство','2011-05-25 12:02:57','Нету'),(134,2,'Восьмёрка','Венто','Спусковое-страховочное устройство','2011-05-25 12:02:57','Нету'),(135,3,'Рогатая восьмёрка','Манарага','Спусковое-страховочное устройство','2011-05-25 12:02:57','Нету'),(136,4,'Рогатая восьмёрка','Манарага','Спусковое-страховочное устройство','2011-05-25 12:02:57','Нету'),(137,5,'Рогатая восьмёрка','Манарага','Спусковое-страховочное устройство','2011-05-25 12:02:57','Нету'),(138,6,'Рогатая восьмёрка','Венто','Спусковое-страховочное устройство','2011-05-25 12:02:57','Нету'),(139,7,'Рогатая восьмёрка','Венто','Спусковое-страховочное устройство','2011-05-25 12:02:57','Нету'),(144,1,'RedFox','RedFox','Палатка','2011-05-26 03:47:25','Нету'),(145,2,'Scout 3','Tramp','Палатка','2011-05-26 03:47:25','Алюминиевые дуги'),(146,3,'Lair 4','Tramp','Палатка','2011-05-26 03:47:25','Нету'),(147,4,'Mountain 4','Tramp','Палатка','2011-05-26 03:47:25','Нету'),(148,1,'Одноместный','Неизвестно','Спальник','2011-05-26 10:10:07','Нету'),(149,2,'Трёхместный','Самошитый','Спальник','2011-05-26 10:10:07','Нету'),(150,3,'Трёхместный','Самошитый','Спальник','2011-05-26 10:10:07','Нету'),(151,4,'Одноместный','Неизвестно','Спальник','2011-05-26 10:10:07','Нету'),(152,5,'Одноместный','Неизвестно','Спальник','2011-05-26 10:10:07','Нету'),(153,6,'Трёхместный','Самошитый','Спальник','2011-05-26 10:10:07','Нету');
/*!40000 ALTER TABLE `item` ENABLE KEYS */;
UNLOCK TABLES;

--
-- Table structure for table `item_property`
--

DROP TABLE IF EXISTS `item_property`;
/*!40101 SET @saved_cs_client     = @@character_set_client */;
/*!40101 SET character_set_client = utf8 */;
CREATE TABLE `item_property` (
  `name` varchar(32) NOT NULL COMMENT 'Имя свойства единицы снаряжения',
  `type` varchar(64) NOT NULL COMMENT 'Тип снаряжения',
  `description` varchar(256) NOT NULL DEFAULT 'Нету' COMMENT 'Описание свойства еденицы снаряжения',
  PRIMARY KEY (`name`,`type`),
  KEY `item_property_fk_type` (`type`),
  CONSTRAINT `item_property_fk_type` FOREIGN KEY (`type`) REFERENCES `type` (`name`) ON DELETE CASCADE ON UPDATE CASCADE
) ENGINE=InnoDB DEFAULT CHARSET=utf8 COMMENT='Свойства снаряжения';
/*!40101 SET character_set_client = @saved_cs_client */;

--
-- Dumping data for table `item_property`
--

LOCK TABLES `item_property` WRITE;
/*!40000 ALTER TABLE `item_property` DISABLE KEYS */;
INSERT INTO `item_property` VALUES ('Дата производства','Верхнаяя система','Дата произвосдтва верхней системы'),('Длина','Верёвка','Длина верёвки в метрах'),('Цвет','Верёвка','Общий цвет верёвки'),('Цвет','Карабин','Цвет карабина'),('Цвет','Спальник','Цвет спальника'),('Цвет','Спусковое-страховочное устройство','Цвет Спускового-страховочного устройства');
/*!40000 ALTER TABLE `item_property` ENABLE KEYS */;
UNLOCK TABLES;

--
-- Table structure for table `item_property_value`
--

DROP TABLE IF EXISTS `item_property_value`;
/*!40101 SET @saved_cs_client     = @@character_set_client */;
/*!40101 SET character_set_client = utf8 */;
CREATE TABLE `item_property_value` (
  `item_id` int(11) NOT NULL COMMENT 'Сурогатный идентификатор единицы снаряжения',
  `name` varchar(32) NOT NULL COMMENT 'Имя свойства единицы снаряжения',
  `type` varchar(64) NOT NULL COMMENT 'Тип снаряжения',
  `value` varchar(128) NOT NULL DEFAULT 'Нету' COMMENT 'Значение свойства',
  `change_date` timestamp NOT NULL DEFAULT CURRENT_TIMESTAMP COMMENT 'Дата последнего изменения значения',
  PRIMARY KEY (`item_id`,`name`,`type`),
  KEY `item_property_value_fk_name_type` (`name`,`type`),
  CONSTRAINT `item_property_value_fk_item_id` FOREIGN KEY (`item_id`) REFERENCES `item` (`id`) ON DELETE CASCADE ON UPDATE CASCADE,
  CONSTRAINT `item_property_value_fk_name_type` FOREIGN KEY (`name`, `type`) REFERENCES `item_property` (`name`, `type`) ON DELETE CASCADE ON UPDATE CASCADE
) ENGINE=InnoDB DEFAULT CHARSET=utf8 COMMENT='Значение свойства снаряжения';
/*!40101 SET character_set_client = @saved_cs_client */;

--
-- Dumping data for table `item_property_value`
--

LOCK TABLES `item_property_value` WRITE;
/*!40000 ALTER TABLE `item_property_value` DISABLE KEYS */;
INSERT INTO `item_property_value` VALUES (33,'Длина','Верёвка','50','2011-04-21 13:23:13'),(33,'Цвет','Верёвка','Красный','2011-04-27 18:32:00'),(34,'Длина','Верёвка','44','2011-04-21 13:41:16'),(34,'Цвет','Верёвка','Белый','2011-04-27 18:43:58'),(35,'Длина','Верёвка','50','2011-04-21 14:42:15'),(35,'Цвет','Верёвка','Жёлтый','2011-05-10 13:50:23'),(36,'Длина','Верёвка','50','2011-04-21 14:44:24'),(36,'Цвет','Верёвка','Чёрный','2011-05-10 13:50:23'),(37,'Длина','Верёвка','26','2011-04-21 13:49:43'),(37,'Цвет','Верёвка','Белый','2011-04-27 18:43:58'),(38,'Длина','Верёвка','29','2011-04-21 13:57:26'),(39,'Длина','Верёвка','25','2011-04-21 14:12:18'),(39,'Цвет','Верёвка','Белый','2011-04-27 18:43:58'),(40,'Длина','Верёвка','23','2011-04-21 14:32:02'),(40,'Цвет','Верёвка','Белый','2011-04-27 18:43:58'),(43,'Длина','Верёвка','30','2011-04-21 14:58:47'),(43,'Цвет','Верёвка','Белый','2011-04-27 18:43:58'),(51,'Длина','Верёвка','25','2011-04-21 15:35:04'),(52,'Длина','Верёвка','9','2011-04-21 15:33:12'),(53,'Длина','Верёвка','56','2011-04-21 15:57:07'),(54,'Длина','Верёвка','22','2011-04-21 16:01:29'),(54,'Цвет','Верёвка','Белый','2011-04-27 18:43:58'),(82,'Длина','Верёвка','50','2011-04-27 17:23:49'),(82,'Цвет','Верёвка','Белый','2011-04-27 18:43:58'),(101,'Длина','Верёвка','30','2011-05-04 17:38:05'),(102,'Цвет','Карабин','Чёрный','2011-05-10 18:42:45'),(103,'Цвет','Карабин','Чёрный','2011-05-10 18:42:45'),(115,'Дата производства','Верхнаяя система','2008-01','2011-05-12 11:24:13'),(116,'Дата производства','Верхнаяя система','2010-07','2011-05-12 11:24:13'),(117,'Дата производства','Верхнаяя система','2010-07','2011-05-12 11:24:13'),(118,'Дата производства','Верхнаяя система','2010-07','2011-05-12 11:24:13'),(119,'Дата производства','Верхнаяя система','2011-03','2011-05-12 11:24:13'),(120,'Дата производства','Верхнаяя система','2011-03','2011-05-12 11:24:13'),(121,'Дата производства','Верхнаяя система','2011-03','2011-05-12 11:24:13'),(122,'Дата производства','Верхнаяя система','2005-04','2011-05-12 11:24:13'),(133,'Цвет','Спусковое-страховочное устройство','Жёлтый','2011-05-25 17:34:52'),(134,'Цвет','Спусковое-страховочное устройство','Жёлтый','2011-05-25 17:34:52'),(135,'Цвет','Спусковое-страховочное устройство','Красная','2011-05-25 17:34:52'),(136,'Цвет','Спусковое-страховочное устройство','Синия','2011-05-25 17:34:52'),(137,'Цвет','Спусковое-страховочное устройство','Синия','2011-05-25 17:34:52'),(138,'Цвет','Спусковое-страховочное устройство','Чёрная','2011-05-25 17:34:52'),(139,'Цвет','Спусковое-страховочное устройство','Белая','2011-05-25 17:34:52'),(148,'Цвет','Спальник','Зелёный','2011-05-26 10:13:47'),(149,'Цвет','Спальник','Жёлтый','2011-05-26 10:13:47'),(150,'Цвет','Спальник','Триколор','2011-05-26 10:13:47'),(151,'Цвет','Спальник','Синий','2011-05-26 10:13:47'),(152,'Цвет','Спальник','Синий','2011-05-26 10:13:47'),(153,'Цвет','Спальник','Ораньжевый','2011-05-26 10:13:47');
/*!40000 ALTER TABLE `item_property_value` ENABLE KEYS */;
UNLOCK TABLES;

--
-- Temporary table structure for view `loop`
--

DROP TABLE IF EXISTS `loop`;
/*!50001 DROP VIEW IF EXISTS `loop`*/;
SET @saved_cs_client     = @@character_set_client;
SET character_set_client = utf8;
/*!50001 CREATE TABLE `loop` (
  `Ид` int(11),
  `№` int(32),
  `Модель` varchar(64),
  `Производитель` varchar(32),
  `Дата добавления` timestamp,
  `Длина` bigint(67) unsigned,
  `Ширина` bigint(67) unsigned,
  `Вес` bigint(67) unsigned,
  `Материал` varchar(128),
  `Примечание` varchar(128)
) ENGINE=MyISAM */;
SET character_set_client = @saved_cs_client;

--
-- Table structure for table `member`
--

DROP TABLE IF EXISTS `member`;
/*!40101 SET @saved_cs_client     = @@character_set_client */;
/*!40101 SET character_set_client = utf8 */;
CREATE TABLE `member` (
  `member_id` int(11) NOT NULL COMMENT 'Сурогатный идентификатор члена клуба',
  `firstname` varchar(32) NOT NULL COMMENT 'Имя',
  `lastname` varchar(32) NOT NULL COMMENT 'Фамилия',
  PRIMARY KEY (`member_id`)
) ENGINE=InnoDB DEFAULT CHARSET=utf8 COMMENT='Член клуба';
/*!40101 SET character_set_client = @saved_cs_client */;

--
-- Dumping data for table `member`
--

LOCK TABLES `member` WRITE;
/*!40000 ALTER TABLE `member` DISABLE KEYS */;
/*!40000 ALTER TABLE `member` ENABLE KEYS */;
UNLOCK TABLES;

--
-- Table structure for table `model`
--

DROP TABLE IF EXISTS `model`;
/*!40101 SET @saved_cs_client     = @@character_set_client */;
/*!40101 SET character_set_client = utf8 */;
CREATE TABLE `model` (
  `name` varchar(64) NOT NULL COMMENT 'Имя модели',
  `vendor` varchar(32) NOT NULL COMMENT 'Имя производителя',
  `type` varchar(64) NOT NULL COMMENT 'Тип снаряжения',
  `description` varchar(256) NOT NULL DEFAULT 'Нету' COMMENT 'Описание модели',
  PRIMARY KEY (`name`,`vendor`,`type`),
  KEY `model_fk_type` (`type`),
  CONSTRAINT `model_fk_type` FOREIGN KEY (`type`) REFERENCES `type` (`name`) ON DELETE NO ACTION ON UPDATE CASCADE
) ENGINE=InnoDB DEFAULT CHARSET=utf8 COMMENT='Модель единицы снаряжение';
/*!40101 SET character_set_client = @saved_cs_client */;

--
-- Dumping data for table `model`
--

LOCK TABLES `model` WRITE;
/*!40000 ALTER TABLE `model` DISABLE KEYS */;
INSERT INTO `model` VALUES ('Airlock Screwgate Carabiner','Black Diamond','Карабин','Большой дюралевый карабин с муфтой'),('AM\'D TRIACT-LOCK','Petzl','Карабин','Трапециевидный карабин с байонетной муфтой'),('Express sling 13','Singing Rock','Оттяжка','Нету'),('Express sling 16','Singing Rock','Оттяжка','Нету'),('Express sling 30','Singing Rock','Оттяжка','Нету'),('GriGri','Petzl','Спусковое-страховочное устройство','Самоблокирующееся страховочное устройство'),('Hot G2 Bent','Salewa','Карабин','Оттяжечный карабин с изогнутой защёлкой'),('Hot G2 Straight','Salewa','Карабин','Оттяжечный карабин с прямой защёлкой'),('Lair 3','Tramp','Палатка','Нету'),('Lair 4','Tramp','Палатка','Нету'),('Mountain 2','Tramp','Палатка','- Двухслойная палатка с двумя входами\n- Внешний тент палатки устойчив к ультрафиолетовому излучению\n- Внешний тент имеет пропитку, задерживающую распространение огня\n- Большой вместительный тамбур\n- Два вентиляционных клапана\n- Все швы проклеены\n- Снежная '),('Mountain 3','Tramp','Палатка','- Двухслойная палатка с двумя входами\n- Внешний тент палатки устойчив к ультрафиолетовому излучению\n- Внешний тент имеет пропитку, задерживающую распространение огня\n- Большой вместительный тамбур\n- Два вентиляционных клапана\n- Все швы проклеены\n- Снежная '),('Mountain 4','Tramp','Палатка','- Двухслойная палатка с двумя входами\n- Внешний тент палатки устойчив к ультрафиолетовому излучению\n- Внешний тент имеет пропитку, задерживающую распространение огня\n- Большой вместительный тамбур\n- Два вентиляционных клапана\n- Все швы проклеены\n- Снежная '),('Open sling 120','Singing Rock','Петля','Нейлоновая петля длиной 120 см, ширина 16 мм'),('Open sling 150','Singing Rock','Петля','Нейлоновая петля длиной 150 см, ширина 16 мм'),('Open sling 60','Singing Rock','Петля','Нейлоновая петля длиной 60 см, ширина 16 мм'),('Open sling 80','Singing Rock','Петля','Нейлоновая петля длиной 80 см, ширина 16 мм'),('RedFox','RedFox','Палатка','Нету'),('Scout 2','Tramp','Палатка','Нету'),('Scout 3','Tramp','Палатка','Нету'),('Smart 10,5','Tendon','Верёвка','Динамическая жёлтая верёвка'),('Tandem','Petzl','Ролик','Блок с двумя роликами и фиксированными щечками'),('Бабочка регулируемая','Венто','Верхнаяя система','Нету'),('Восьмёрка','Венто','Спусковое-страховочное устройство','Нету'),('Двойной ролик','Венто','Ролик','Нету'),('Дюр. Vualter','Vualter','Карабин','Большой дюралевый карабин с муфтой Vualter CSSR'),('Дюр. трапециевидный keylock ринг','Ринг','Карабин','Трапециевидный дюралевый карабин Ринг с keylock муфтой'),('Дюр. трапециевидный иремель','Искра','Карабин','Трапециевидный дюралевый карабин Иримель с муфтой'),('Дюр. трапециевидный малый keylock ринг','Ринг','Карабин','Нету'),('Дюр. трапециевидный ринг','Ринг','Карабин','Трапециевидный дюралевый карабин Ринг с муфтой'),('Дюр. треугольный ринг','Ринг','Карабин','Треугольный дюралевый карабин Ринг с муфтой'),('Жёлто-синия верёвка','Неизвестно','Верёвка','Статическая жёлто синия верёвка'),('Жюмар под левую руку','Венто','Жюмар','Нету'),('Жюмар под правую руку','Венто','Жюмар','Нету'),('Закладка № 10','Венто','Закладка','Серый'),('Закладка № 4','Венто','Закладка','Жёлтый'),('Закладка № 5','Венто','Закладка','Ораньжевый'),('Закладка № 7','Венто','Закладка','Зелёный'),('Закладка № 8','Венто','Закладка','Синий'),('Закладка № 9','Венто','Закладка','Черный'),('Зелёная верёвка','Неизвестно','Верёвка','Статическая зелёная верёвка'),('Зелёная верёвка в полосочку','Неизвестно','Верёвка','Нету'),('Ледоруб 60','Венто','Ледоруб','Классический ледоруб базового уровня длиной 60 см'),('Ледоруб 65','Венто','Ледоруб','Классический ледоруб базового уровня длиной 65 см'),('Ледоруб 70','Венто','Ледоруб','Классический ледоруб базового уровня длиной 70 см'),('Ледоруб 75','Венто','Ледоруб','Классический ледоруб базового уровня длиной 75 см'),('Ледоруб 80','Венто','Ледоруб','Классический ледоруб базового уровня длиной 80 см'),('Лукошко','Венто','Спусковое-страховочное устройство','Легкое страховочно-спусковое устройство с технологией Adaptive Rope Control'),('Люкс','Венто','Нижняя система','Нету'),('Люкс из Lanex 100','Венто','Петля','Петля из нейлона'),('Люкс из Lanex 150','Венто','Петля','Петля из нейлона'),('Люкс из Lanex 200','Венто','Петля','Петля из нейлона'),('Люкс из Lanex 250','Венто','Петля','Петля из нейлона'),('Люкс из Lanex 60','Венто','Петля','Петля из нейлона'),('Люкс из Lanex 80','Венто','Петля','Петля из нейлона'),('Модифицированная','Венто','Верхнаяя система','Нету'),('Одинарный ролик ','Венто','Ролик','Нету'),('Одноместный','Неизвестно','Спальник','Нету'),('Оттяжка 10','Salewa','Оттяжка','Нету'),('Оттяжка 30','Неизвестно','Оттяжка','Оттяжка от неизвестной фирмы'),('Оттяжка Стандарт 17','Венто','Оттяжка','Нету'),('Оттяжка Стандарт 25','Венто','Оттяжка','Нету'),('Оттяжка Стандарт 40','Венто','Оттяжка','Нету'),('Петля Стандарт 100','Венто','Петля','Нету'),('Петля Стандарт 150','Венто','Петля','Нету'),('Петля Стандарт 200','Венто','Петля','Нету'),('Петля Стандарт 250','Венто','Петля','Нету'),('Петля Стандарт 50','Венто','Петля','Нету'),('Петля Стандарт 60','Венто','Петля','Нету'),('Петля Стандарт 80','Венто','Петля','Нету'),('Рогатая восьмёрка','Венто','Спусковое-страховочное устройство','Нету'),('Рогатая восьмёрка','Манарага','Спусковое-страховочное устройство','Нету'),('Скалолазная аллегро','Венто','Нижняя система','Нету'),('Скалолазная маэстро','Венто','Нижняя система','Нету'),('Скалолазная стандарт','Венто','Нижняя система','Нету'),('Ст. трапециевидный ринг','Ринг','Карабин','Трапециевидный стальной карабин Ринг с муфтой'),('Ст. треугольный ринг','Ринг','Карабин','Треугольный стальной карабин Ринг с муфтой'),('Стандарт','Венто','Нижняя система','Нету'),('Статика 10','Tendon','Верёвка','Статическая красная верёвка'),('Статика 10','Коломна','Верёвка','Статическая белая верёвка с рисунком чёрным крестом'),('Трёхместный ','Самошитый','Спальник','Нету'),('Френд','Неизвестно','Френд','Нету'),('Чёрная верёвка','Венто','Верёвка','Статическая чёрная верёвка'),('Экстра из dyneema 100','Венто','Петля','Петля из материала Dyneema'),('Экстра из dyneema 150','Венто','Петля','Петля из материала Dyneema'),('Экстра из dyneema 200','Венто','Петля','Петля из материала Dyneema'),('Экстра из dyneema 250','Венто','Петля','Петля из материала Dyneema'),('Экстра из dyneema 60','Венто','Петля','Петля из материала Dyneema'),('Экстра из dyneema 80','Венто','Петля','Петля из материала Dyneema');
/*!40000 ALTER TABLE `model` ENABLE KEYS */;
UNLOCK TABLES;

--
-- Table structure for table `model_property`
--

DROP TABLE IF EXISTS `model_property`;
/*!40101 SET @saved_cs_client     = @@character_set_client */;
/*!40101 SET character_set_client = utf8 */;
CREATE TABLE `model_property` (
  `name` varchar(32) NOT NULL COMMENT 'Имя свойства модели снаряжения',
  `type` varchar(64) NOT NULL DEFAULT '' COMMENT 'Тип снаряжения',
  `description` varchar(256) NOT NULL DEFAULT 'Нету' COMMENT 'Описание свойства снаряжения',
  PRIMARY KEY (`name`,`type`),
  KEY `model_property_fk_type` (`type`),
  CONSTRAINT `model_property_fk_type` FOREIGN KEY (`type`) REFERENCES `type` (`name`) ON DELETE CASCADE ON UPDATE CASCADE
) ENGINE=InnoDB DEFAULT CHARSET=utf8 COMMENT='Свойства снаряжения';
/*!40101 SET character_set_client = @saved_cs_client */;

--
-- Dumping data for table `model_property`
--

LOCK TABLES `model_property` WRITE;
/*!40000 ALTER TABLE `model_property` DISABLE KEYS */;
INSERT INTO `model_property` VALUES ('Вес','Верёвка','Вес одного метра'),('Вес','Жюмар','Вес в граммах'),('Вес','Карабин','Вес карабина в граммах'),('Вес','Ледоруб','Вес в граммах'),('Вес','Оттяжка','Вес оттяжки в граммах'),('Вес','Палатка','Вес палатки в граммах'),('Вес','Петля','Вес петли в граммах'),('Вес','Ролик','Вес в граммах'),('Вес','Спусковое-страховочное устройство','Вес в граммах'),('Диаметр','Верёвка','Длина верёвки в миллиметрах'),('Диаметр стоек каркаса','Палатка','Диаметр стоек каркаса палатки в миллиметрах'),('Длина','Ледоруб','Длина ледоруба в сантиметрах'),('Длина','Оттяжка','Длина оттяжки в сантиметрах'),('Длина','Петля','Длина петли в сантиметрах'),('Допустимый диаметр верёвки','Ролик','Допустимый диаметр верёвки в миллиметрах'),('Допустимый диаметр верёвки','Спусковое-страховочное устройство','Допустимый диаметр верёвки в миллиметрах'),('Количество мест','Палатка','Количество человек, на проживание которых расчитана палатка'),('Материал','Оттяжка','Материал из которого изготовлена оттяжка'),('Материал','Петля','Материал из которого изготовлена петля'),('Материал каркаса','Палатка','Материал изготовления каркаса палатки'),('Муфта','Карабин','Тип муфты'),('Нагрузка по продольной оси','Карабин','Нагрузка по продольной оси в kH'),('Рабочая нагрузка','Ролик','Рабочая нагрузка в kH'),('Разрушающая нагрузка','Ролик','Разрушающая нагрузка в кН'),('Разрывная нагрузка','Верёвка','Разрывная нагрузка в kH'),('Раскрытие защелки','Карабин','Раскрытие защелки в миллиметрах'),('Сертификаты','Ролик','Сертификаты'),('Сертификаты','Спусковое-страховочное устройство','Сертификаты'),('Тип','Верёвка','Верёвка бывает Одинарная, Сдвоенная, Половинчатая'),('Форма','Карабин','Форма карабина'),('Ширина','Оттяжка','Ширина оттяжки  в миллиметрах'),('Ширина','Петля','Ширина стропы  в миллиметрах');
/*!40000 ALTER TABLE `model_property` ENABLE KEYS */;
UNLOCK TABLES;

--
-- Table structure for table `model_property_value`
--

DROP TABLE IF EXISTS `model_property_value`;
/*!40101 SET @saved_cs_client     = @@character_set_client */;
/*!40101 SET character_set_client = utf8 */;
CREATE TABLE `model_property_value` (
  `name` varchar(32) NOT NULL COMMENT 'Имя свойства модели снаряжения',
  `type` varchar(64) NOT NULL COMMENT 'Тип снаряжения',
  `model_name` varchar(64) NOT NULL COMMENT 'Имя модели',
  `vendor` varchar(32) NOT NULL COMMENT 'Имя производителя',
  `value` varchar(128) NOT NULL DEFAULT 'Нету' COMMENT 'Значение свойства',
  `change_date` timestamp NOT NULL DEFAULT CURRENT_TIMESTAMP COMMENT 'Дата последнего изменения значения',
  PRIMARY KEY (`model_name`,`vendor`,`name`,`type`),
  KEY `model_property_value_fk_model_name_vendor_type` (`model_name`,`vendor`,`type`),
  KEY `model_property_value_fk_name_type` (`name`,`type`),
  CONSTRAINT `model_property_value_fk_model_name_vendor_type` FOREIGN KEY (`model_name`, `vendor`, `type`) REFERENCES `model` (`name`, `vendor`, `type`) ON DELETE CASCADE ON UPDATE CASCADE,
  CONSTRAINT `model_property_value_fk_name_type` FOREIGN KEY (`name`, `type`) REFERENCES `model_property` (`name`, `type`) ON DELETE CASCADE ON UPDATE CASCADE
) ENGINE=InnoDB DEFAULT CHARSET=utf8 COMMENT='Значение свойства снаряжения';
/*!40101 SET character_set_client = @saved_cs_client */;

--
-- Dumping data for table `model_property_value`
--

LOCK TABLES `model_property_value` WRITE;
/*!40000 ALTER TABLE `model_property_value` DISABLE KEYS */;
INSERT INTO `model_property_value` VALUES ('Вес','Карабин','Airlock Screwgate Carabiner','Black Diamond','75','2011-04-25 08:51:05'),('Муфта','Карабин','Airlock Screwgate Carabiner','Black Diamond','Резьбовая','2011-04-25 09:22:22'),('Нагрузка по продольной оси','Карабин','Airlock Screwgate Carabiner','Black Diamond','23','2011-04-25 08:51:05'),('Раскрытие защелки','Карабин','Airlock Screwgate Carabiner','Black Diamond','22','2011-04-25 08:51:05'),('Форма','Карабин','Airlock Screwgate Carabiner','Black Diamond','Грушевидная','2011-04-25 08:51:05'),('Вес','Карабин','AM\'D TRIACT-LOCK','Petzl','74','2011-04-25 09:29:47'),('Муфта','Карабин','AM\'D TRIACT-LOCK','Petzl','Байонетная','2011-04-25 09:29:47'),('Нагрузка по продольной оси','Карабин','AM\'D TRIACT-LOCK','Petzl','28','2011-04-25 09:29:47'),('Раскрытие защелки','Карабин','AM\'D TRIACT-LOCK','Petzl','21','2011-04-25 09:29:47'),('Форма','Карабин','AM\'D TRIACT-LOCK','Petzl','Трапециевидная','2011-04-25 09:29:47'),('Длина','Оттяжка','Express sling 13','Singing Rock','13','2011-04-25 17:46:32'),('Материал','Оттяжка','Express sling 13','Singing Rock','Нейлон','2011-04-25 17:46:32'),('Ширина','Оттяжка','Express sling 13','Singing Rock','16','2011-04-25 17:46:32'),('Длина','Оттяжка','Express sling 16','Singing Rock','16','2011-04-25 17:46:32'),('Материал','Оттяжка','Express sling 16','Singing Rock','Нейлон','2011-04-25 17:46:32'),('Ширина','Оттяжка','Express sling 16','Singing Rock','16','2011-04-25 17:46:32'),('Длина','Оттяжка','Express sling 30','Singing Rock','30','2011-04-25 17:46:32'),('Материал','Оттяжка','Express sling 30','Singing Rock','Нейлон','2011-04-25 17:46:32'),('Ширина','Оттяжка','Express sling 30','Singing Rock','16','2011-04-25 17:46:32'),('Вес','Спусковое-страховочное устройство','GriGri','Petzl','225','2011-04-23 17:39:38'),('Допустимый диаметр верёвки','Спусковое-страховочное устройство','GriGri','Petzl','9,7 - 11','2011-04-22 18:53:33'),('Сертификаты','Спусковое-страховочное устройство','GriGri','Petzl','CE','2011-04-22 18:50:03'),('Вес','Карабин','Hot G2 Bent','Salewa','46','2011-04-25 09:12:43'),('Муфта','Карабин','Hot G2 Bent','Salewa','Нету','2011-04-25 09:22:16'),('Нагрузка по продольной оси','Карабин','Hot G2 Bent','Salewa','24','2011-04-25 09:12:43'),('Раскрытие защелки','Карабин','Hot G2 Bent','Salewa','24','2011-04-25 09:12:43'),('Форма','Карабин','Hot G2 Bent','Salewa','Треугольная','2011-04-25 09:12:43'),('Вес','Карабин','Hot G2 Straight','Salewa','46','2011-04-25 09:12:43'),('Муфта','Карабин','Hot G2 Straight','Salewa','Нету','2011-04-25 09:22:16'),('Нагрузка по продольной оси','Карабин','Hot G2 Straight','Salewa','24','2011-04-25 09:12:43'),('Раскрытие защелки','Карабин','Hot G2 Straight','Salewa','22','2011-04-25 09:12:43'),('Форма','Карабин','Hot G2 Straight','Salewa','Треугольная','2011-04-25 09:12:43'),('Вес','Палатка','Lair 4','Tramp','5.25','2011-05-02 17:43:41'),('Диаметр стоек каркаса','Палатка','Lair 4','Tramp','8.5','2011-05-02 17:43:41'),('Количество мест','Палатка','Lair 4','Tramp','4','2011-05-02 17:43:41'),('Материал каркаса','Палатка','Lair 4','Tramp','Фиберглас','2011-05-02 17:43:41'),('Вес','Палатка','Mountain 2','Tramp','3.68','2011-05-02 17:28:05'),('Диаметр стоек каркаса','Палатка','Mountain 2','Tramp','8.5','2011-05-02 17:32:29'),('Количество мест','Палатка','Mountain 2','Tramp','2','2011-05-02 17:28:05'),('Материал каркаса','Палатка','Mountain 2','Tramp','Алюминий','2011-05-02 17:28:05'),('Вес','Палатка','Mountain 3','Tramp','4.4','2011-05-02 17:28:05'),('Диаметр стоек каркаса','Палатка','Mountain 3','Tramp','8.5','2011-05-02 17:32:29'),('Количество мест','Палатка','Mountain 3','Tramp','3','2011-05-02 17:28:05'),('Материал каркаса','Палатка','Mountain 3','Tramp','Алюминий','2011-05-02 17:28:05'),('Вес','Палатка','Mountain 4','Tramp','4.9','2011-05-02 17:28:05'),('Диаметр стоек каркаса','Палатка','Mountain 4','Tramp','8.5','2011-05-02 17:32:29'),('Количество мест','Палатка','Mountain 4','Tramp','4','2011-05-02 17:28:05'),('Материал каркаса','Палатка','Mountain 4','Tramp','Алюминий','2011-05-02 17:28:05'),('Длина','Петля','Open sling 120','Singing Rock','120','2011-04-25 06:25:09'),('Материал','Петля','Open sling 120','Singing Rock','Нейлон','2011-04-25 06:25:20'),('Ширина','Петля','Open sling 120','Singing Rock','16','2011-04-25 06:25:09'),('Длина','Петля','Open sling 150','Singing Rock','150','2011-04-25 17:32:52'),('Материал','Петля','Open sling 150','Singing Rock','Нейлон','2011-04-25 17:32:52'),('Ширина','Петля','Open sling 150','Singing Rock','16','2011-04-25 17:32:52'),('Длина','Петля','Open sling 60','Singing Rock','60','2011-04-25 17:32:52'),('Материал','Петля','Open sling 60','Singing Rock','Нейлон','2011-04-25 17:32:52'),('Ширина','Петля','Open sling 60','Singing Rock','16','2011-04-25 17:32:52'),('Длина','Петля','Open sling 80','Singing Rock','80','2011-04-25 17:32:52'),('Материал','Петля','Open sling 80','Singing Rock','Нейлон','2011-04-25 17:32:52'),('Ширина','Петля','Open sling 80','Singing Rock','16','2011-04-25 17:32:52'),('Количество мест','Палатка','RedFox','RedFox','4','2011-05-26 05:03:15'),('Материал каркаса','Палатка','RedFox','RedFox','Алюминий','2011-05-26 05:10:34'),('Вес','Палатка','Scout 3','Tramp','3.1','2011-05-02 17:43:41'),('Диаметр стоек каркаса','Палатка','Scout 3','Tramp','8.5','2011-05-02 17:43:41'),('Количество мест','Палатка','Scout 3','Tramp','3','2011-05-02 17:43:41'),('Материал каркаса','Палатка','Scout 3','Tramp','Фиберглас','2011-05-02 17:43:41'),('Вес','Верёвка','Smart 10,5','Tendon','70','2011-05-10 13:34:00'),('Диаметр','Верёвка','Smart 10,5','Tendon','10.5','2011-05-10 13:34:00'),('Тип','Верёвка','Smart 10,5','Tendon','Одинарная','2011-05-10 13:34:00'),('Вес','Ролик','Tandem','Petzl','195','2011-04-23 17:46:33'),('Допустимый диаметр верёвки','Ролик','Tandem','Petzl','1 - 13','2011-04-23 17:46:33'),('Рабочая нагрузка','Ролик','Tandem','Petzl','10','2011-04-23 17:49:09'),('Разрушающая нагрузка','Ролик','Tandem','Petzl','24','2011-04-23 17:49:09'),('Сертификаты','Ролик','Tandem','Petzl','CE EN 12278 / UIAA','2011-04-23 17:49:09'),('Вес','Спусковое-страховочное устройство','Восьмёрка','Венто','126','2011-04-25 18:18:07'),('Допустимый диаметр верёвки','Спусковое-страховочное устройство','Восьмёрка','Венто','8 - 12','2011-04-25 18:18:07'),('Вес','Карабин','Дюр. трапециевидный keylock ринг','Ринг','78','2011-04-25 08:28:19'),('Муфта','Карабин','Дюр. трапециевидный keylock ринг','Ринг','Резьбовая','2011-04-25 09:22:17'),('Нагрузка по продольной оси','Карабин','Дюр. трапециевидный keylock ринг','Ринг','22','2011-04-25 08:28:19'),('Раскрытие защелки','Карабин','Дюр. трапециевидный keylock ринг','Ринг','19','2011-04-25 08:28:19'),('Форма','Карабин','Дюр. трапециевидный keylock ринг','Ринг','Трапециевидная','2011-04-25 08:28:19'),('Вес','Карабин','Дюр. трапециевидный иремель','Искра','90','2011-04-25 09:50:41'),('Муфта','Карабин','Дюр. трапециевидный иремель','Искра','Резьбовая','2011-04-25 09:50:41'),('Нагрузка по продольной оси','Карабин','Дюр. трапециевидный иремель','Искра','22','2011-04-25 09:50:41'),('Форма','Карабин','Дюр. трапециевидный иремель','Искра','Трапециевидная','2011-04-25 09:50:41'),('Вес','Карабин','Дюр. трапециевидный ринг','Ринг','75','2011-04-25 08:28:19'),('Муфта','Карабин','Дюр. трапециевидный ринг','Ринг','Резьбовая','2011-04-25 09:22:17'),('Нагрузка по продольной оси','Карабин','Дюр. трапециевидный ринг','Ринг','22','2011-04-25 08:28:19'),('Раскрытие защелки','Карабин','Дюр. трапециевидный ринг','Ринг','18','2011-04-25 08:28:19'),('Форма','Карабин','Дюр. трапециевидный ринг','Ринг','Трапециевидная','2011-04-25 08:28:19'),('Вес','Карабин','Дюр. треугольный ринг','Ринг','82','2011-04-25 08:38:53'),('Муфта','Карабин','Дюр. треугольный ринг','Ринг','Резьбовая','2011-04-25 09:22:17'),('Нагрузка по продольной оси','Карабин','Дюр. треугольный ринг','Ринг','22','2011-04-25 08:38:53'),('Раскрытие защелки','Карабин','Дюр. треугольный ринг','Ринг','15','2011-04-25 08:38:53'),('Форма','Карабин','Дюр. треугольный ринг','Ринг','Треугольная','2011-04-25 08:38:53'),('Вес','Жюмар','Жюмар под левую руку','Венто','250','2011-04-25 18:25:42'),('Вес','Жюмар','Жюмар под правую руку','Венто','250','2011-04-25 18:25:42'),('Вес','Ледоруб','Ледоруб 80','Венто','480','2011-04-25 18:39:10'),('Длина','Ледоруб','Ледоруб 80','Венто','80','2011-04-25 18:36:49'),('Вес','Спусковое-страховочное устройство','Лукошко','Венто','96','2011-04-24 03:54:07'),('Вес','Петля','Люкс из Lanex 100','Венто','84','2011-04-25 06:08:11'),('Длина','Петля','Люкс из Lanex 100','Венто','100','2011-04-25 06:08:11'),('Материал','Петля','Люкс из Lanex 100','Венто','Нейлон','2011-04-25 06:23:02'),('Ширина','Петля','Люкс из Lanex 100','Венто','19','2011-04-25 06:02:39'),('Вес','Петля','Люкс из Lanex 150','Венто','124','2011-05-03 14:46:52'),('Длина','Петля','Люкс из Lanex 150','Венто','150','2011-04-25 13:14:08'),('Материал','Петля','Люкс из Lanex 150','Венто','Нейлон','2011-04-25 13:14:08'),('Ширина','Петля','Люкс из Lanex 150','Венто','19','2011-04-25 13:14:08'),('Вес','Оттяжка','Оттяжка Стандарт 17','Венто','24','2011-04-25 18:03:42'),('Длина','Оттяжка','Оттяжка Стандарт 17','Венто','17','2011-04-25 18:03:42'),('Материал','Оттяжка','Оттяжка Стандарт 17','Венто','Нейлон','2011-04-25 18:03:42'),('Ширина','Оттяжка','Оттяжка Стандарт 17','Венто','27','2011-04-25 18:03:42'),('Вес','Оттяжка','Оттяжка Стандарт 25','Венто','32','2011-04-25 18:03:42'),('Длина','Оттяжка','Оттяжка Стандарт 25','Венто','25','2011-04-25 18:03:42'),('Материал','Оттяжка','Оттяжка Стандарт 25','Венто','Нейлон','2011-04-25 18:03:42'),('Ширина','Оттяжка','Оттяжка Стандарт 25','Венто','27','2011-04-25 18:03:42'),('Вес','Оттяжка','Оттяжка Стандарт 40','Венто','48','2011-04-25 18:03:42'),('Длина','Оттяжка','Оттяжка Стандарт 40','Венто','25','2011-04-25 18:03:42'),('Материал','Оттяжка','Оттяжка Стандарт 40','Венто','Нейлон','2011-04-25 18:03:42'),('Ширина','Оттяжка','Оттяжка Стандарт 40','Венто','27','2011-04-25 18:03:42'),('Вес','Петля','Петля Стандарт 150','Венто','153','2011-05-03 14:15:20'),('Длина','Петля','Петля Стандарт 150','Венто','150','2011-05-03 14:15:20'),('Материал','Петля','Петля Стандарт 150','Венто','Нейлон','2011-05-03 14:15:20'),('Ширина','Петля','Петля Стандарт 150','Венто','27','2011-05-03 14:15:20'),('Длина','Петля','Петля Стандарт 50','Венто','50','2011-05-03 14:15:20'),('Материал','Петля','Петля Стандарт 50','Венто','Нейлон','2011-05-03 14:15:20'),('Ширина','Петля','Петля Стандарт 50','Венто','27','2011-05-03 14:15:20'),('Вес','Петля','Петля Стандарт 60','Венто','72','2011-05-03 14:45:34'),('Длина','Петля','Петля Стандарт 60','Венто','60','2011-05-03 14:45:34'),('Материал','Петля','Петля Стандарт 60','Венто','Нейлон','2011-05-03 14:45:34'),('Ширина','Петля','Петля Стандарт 60','Венто','27','2011-05-03 14:45:34'),('Вес','Петля','Петля Стандарт 80','Венто','90','2011-05-03 14:15:20'),('Длина','Петля','Петля Стандарт 80','Венто','80','2011-05-03 14:15:20'),('Материал','Петля','Петля Стандарт 80','Венто','Нейлон','2011-05-03 14:15:20'),('Ширина','Петля','Петля Стандарт 80','Венто','27','2011-05-03 14:15:20'),('Вес','Спусковое-страховочное устройство','Рогатая восьмёрка','Венто','130','2011-04-25 18:18:07'),('Допустимый диаметр верёвки','Спусковое-страховочное устройство','Рогатая восьмёрка','Венто','8 - 12','2011-04-25 18:18:07'),('Вес','Карабин','Ст. трапециевидный ринг','Ринг','168','2011-04-25 08:13:18'),('Муфта','Карабин','Ст. трапециевидный ринг','Ринг','Резьбовая','2011-04-25 09:22:17'),('Нагрузка по продольной оси','Карабин','Ст. трапециевидный ринг','Ринг','50','2011-04-25 08:13:18'),('Раскрытие защелки','Карабин','Ст. трапециевидный ринг','Ринг','18','2011-04-25 08:13:18'),('Форма','Карабин','Ст. трапециевидный ринг','Ринг','Трапециевидная','2011-04-25 08:25:10'),('Вес','Карабин','Ст. треугольный ринг','Ринг','160','2011-04-25 08:38:53'),('Муфта','Карабин','Ст. треугольный ринг','Ринг','Резьбовая','2011-04-25 09:22:17'),('Нагрузка по продольной оси','Карабин','Ст. треугольный ринг','Ринг','40','2011-04-25 08:38:53'),('Раскрытие защелки','Карабин','Ст. треугольный ринг','Ринг','16','2011-04-25 08:38:53'),('Форма','Карабин','Ст. треугольный ринг','Ринг','Треугольная','2011-04-25 08:38:53'),('Вес','Верёвка','Статика 10','Коломна','65','2011-04-27 17:52:03'),('Диаметр','Верёвка','Статика 10','Коломна','10','2011-04-27 17:50:53'),('Тип','Верёвка','Статика 10','Коломна','Одинарная','2011-04-27 17:56:11');
/*!40000 ALTER TABLE `model_property_value` ENABLE KEYS */;
UNLOCK TABLES;

--
-- Table structure for table `return`
--

DROP TABLE IF EXISTS `return`;
/*!40101 SET @saved_cs_client     = @@character_set_client */;
/*!40101 SET character_set_client = utf8 */;
CREATE TABLE `return` (
  `delivery_packet_id` int(11) NOT NULL COMMENT 'Пакет выдачи снаряжения',
  `item_id` int(11) NOT NULL COMMENT 'Возвращаемая единица снаряжения',
  `return_date` timestamp NOT NULL DEFAULT CURRENT_TIMESTAMP COMMENT 'Дата возвращение',
  PRIMARY KEY (`delivery_packet_id`,`item_id`),
  CONSTRAINT `return_fk_delivery_packet_id_item_id` FOREIGN KEY (`delivery_packet_id`, `item_id`) REFERENCES `delivery` (`delivery_packet_id`, `item_id`) ON DELETE CASCADE ON UPDATE CASCADE
) ENGINE=InnoDB DEFAULT CHARSET=utf8 COMMENT='Возвращение единицы снаряжения';
/*!40101 SET character_set_client = @saved_cs_client */;

--
-- Dumping data for table `return`
--

LOCK TABLES `return` WRITE;
/*!40000 ALTER TABLE `return` DISABLE KEYS */;
/*!40000 ALTER TABLE `return` ENABLE KEYS */;
UNLOCK TABLES;

--
-- Temporary table structure for view `rope`
--

DROP TABLE IF EXISTS `rope`;
/*!50001 DROP VIEW IF EXISTS `rope`*/;
SET @saved_cs_client     = @@character_set_client;
SET character_set_client = utf8;
/*!50001 CREATE TABLE `rope` (
  `Ид` int(11),
  `№` int(32),
  `Модель` varchar(64),
  `Производитель` varchar(32),
  `Дата добавления` timestamp,
  `Длина` bigint(67) unsigned,
  `Ø` decimal(3,1),
  `Цвет` varchar(128),
  `Примечание` varchar(128)
) ENGINE=MyISAM */;
SET character_set_client = @saved_cs_client;

--
-- Temporary table structure for view `tent`
--

DROP TABLE IF EXISTS `tent`;
/*!50001 DROP VIEW IF EXISTS `tent`*/;
SET @saved_cs_client     = @@character_set_client;
SET character_set_client = utf8;
/*!50001 CREATE TABLE `tent` (
  `Ид` int(11),
  `№` int(32),
  `Модель` varchar(64),
  `Производитель` varchar(32),
  `Дата добавления` timestamp,
  `Количество мест` bigint(67) unsigned,
  `Вес` decimal(4,2),
  `Материал каркаса` varchar(128),
  `Диаметр стоек каркаса` decimal(3,1),
  `Примечание` varchar(128)
) ENGINE=MyISAM */;
SET character_set_client = @saved_cs_client;

--
-- Temporary table structure for view `top_harness`
--

DROP TABLE IF EXISTS `top_harness`;
/*!50001 DROP VIEW IF EXISTS `top_harness`*/;
SET @saved_cs_client     = @@character_set_client;
SET character_set_client = utf8;
/*!50001 CREATE TABLE `top_harness` (
  `Ид` int(11),
  `№` int(32),
  `Модель` varchar(64),
  `Производитель` varchar(32),
  `Дата добавления` timestamp,
  `Дата производства` varchar(128),
  `Примечание` varchar(128)
) ENGINE=MyISAM */;
SET character_set_client = @saved_cs_client;

--
-- Table structure for table `type`
--

DROP TABLE IF EXISTS `type`;
/*!40101 SET @saved_cs_client     = @@character_set_client */;
/*!40101 SET character_set_client = utf8 */;
CREATE TABLE `type` (
  `name` varchar(64) NOT NULL DEFAULT '' COMMENT 'Имя типа снаряжения',
  PRIMARY KEY (`name`)
) ENGINE=InnoDB DEFAULT CHARSET=utf8 COMMENT='Тип снаряжения';
/*!40101 SET character_set_client = @saved_cs_client */;

--
-- Dumping data for table `type`
--

LOCK TABLES `type` WRITE;
/*!40000 ALTER TABLE `type` DISABLE KEYS */;
INSERT INTO `type` VALUES ('Аптечка'),('Блокер'),('Верёвка'),('Верхнаяя система'),('Жюмар'),('Закладка'),('Карабин'),('Каска'),('Коврик'),('Констровой тросик'),('Котёл'),('Кошки'),('Крюк'),('Ледобур'),('Ледовые молотки'),('Ледоруб'),('Мяч для тумбы'),('Нижняя система'),('Оттяжка'),('Палатка'),('Петля'),('Пила'),('Поварёшка'),('Пояса для тубы'),('Прусик'),('Ролик'),('Рюкзак'),('Скалный молоток'),('Спальник'),('Спусковое-страховочное устройство'),('Топор'),('Фифы'),('Френд'),('Футболка клубная');
/*!40000 ALTER TABLE `type` ENABLE KEYS */;
UNLOCK TABLES;

--
-- Current Database: `ariadna_items`
--

USE `ariadna_items`;

--
-- Final view structure for view `carabiner`
--

/*!50001 DROP TABLE IF EXISTS `carabiner`*/;
/*!50001 DROP VIEW IF EXISTS `carabiner`*/;
/*!50001 SET @saved_cs_client          = @@character_set_client */;
/*!50001 SET @saved_cs_results         = @@character_set_results */;
/*!50001 SET @saved_col_connection     = @@collation_connection */;
/*!50001 SET character_set_client      = utf8 */;
/*!50001 SET character_set_results     = utf8 */;
/*!50001 SET collation_connection      = utf8_general_ci */;
/*!50001 CREATE ALGORITHM=UNDEFINED */
/*!50013 DEFINER=`root`@`localhost` SQL SECURITY DEFINER */
/*!50001 VIEW `carabiner` AS select `item`.`id` AS `Ид`,`item`.`number` AS `№`,`item`.`model_name` AS `Модель`,`item`.`vendor` AS `Производитель`,`item`.`receipt_date` AS `Дата добавления`,`pv_colour`.`value` AS `Цвет`,cast(`pv_weight`.`value` as unsigned) AS `Вес`,`pv_form`.`value` AS `Форма`,`pv_coupling`.`value` AS `Муфта`,cast(`pv_gate_opening`.`value` as unsigned) AS `Раскрытие защёлки`,cast(`pv_major_axis_breaking_strength`.`value` as unsigned) AS `Нагрузка по продольной оси`,`item`.`note` AS `Примечание` from ((((((`item` left join `model_property_value` `pv_major_axis_breaking_strength` on(((`item`.`type` = `pv_major_axis_breaking_strength`.`type`) and (`item`.`vendor` = `pv_major_axis_breaking_strength`.`vendor`) and (`item`.`model_name` = `pv_major_axis_breaking_strength`.`model_name`) and (`pv_major_axis_breaking_strength`.`name` = 'Нагрузка по продольной оси')))) left join `model_property_value` `pv_gate_opening` on(((`item`.`type` = `pv_gate_opening`.`type`) and (`item`.`vendor` = `pv_gate_opening`.`vendor`) and (`item`.`model_name` = `pv_gate_opening`.`model_name`) and (`pv_gate_opening`.`name` = 'Раскрытие защёлки')))) left join `model_property_value` `pv_coupling` on(((`item`.`type` = `pv_coupling`.`type`) and (`item`.`vendor` = `pv_coupling`.`vendor`) and (`item`.`model_name` = `pv_coupling`.`model_name`) and (`pv_coupling`.`name` = 'Муфта')))) left join `model_property_value` `pv_form` on(((`item`.`type` = `pv_form`.`type`) and (`item`.`vendor` = `pv_form`.`vendor`) and (`item`.`model_name` = `pv_form`.`model_name`) and (`pv_form`.`name` = 'Форма')))) left join `model_property_value` `pv_weight` on(((`item`.`type` = `pv_weight`.`type`) and (`item`.`vendor` = `pv_weight`.`vendor`) and (`item`.`model_name` = `pv_weight`.`model_name`) and (`pv_weight`.`name` = 'Вес')))) left join `item_property_value` `pv_colour` on(((`item`.`id` = `pv_colour`.`item_id`) and (`pv_colour`.`name` = 'Цвет')))) where (`item`.`type` = 'Карабин') */;
/*!50001 SET character_set_client      = @saved_cs_client */;
/*!50001 SET character_set_results     = @saved_cs_results */;
/*!50001 SET collation_connection      = @saved_col_connection */;

--
-- Final view structure for view `loop`
--

/*!50001 DROP TABLE IF EXISTS `loop`*/;
/*!50001 DROP VIEW IF EXISTS `loop`*/;
/*!50001 SET @saved_cs_client          = @@character_set_client */;
/*!50001 SET @saved_cs_results         = @@character_set_results */;
/*!50001 SET @saved_col_connection     = @@collation_connection */;
/*!50001 SET character_set_client      = utf8 */;
/*!50001 SET character_set_results     = utf8 */;
/*!50001 SET collation_connection      = utf8_general_ci */;
/*!50001 CREATE ALGORITHM=UNDEFINED */
/*!50013 DEFINER=`root`@`localhost` SQL SECURITY DEFINER */
/*!50001 VIEW `loop` AS select `item`.`id` AS `Ид`,`item`.`number` AS `№`,`item`.`model_name` AS `Модель`,`item`.`vendor` AS `Производитель`,`item`.`receipt_date` AS `Дата добавления`,cast(`pv_length`.`value` as unsigned) AS `Длина`,cast(`pv_width`.`value` as unsigned) AS `Ширина`,cast(`pv_weight`.`value` as unsigned) AS `Вес`,`pv_material`.`value` AS `Материал`,`item`.`note` AS `Примечание` from ((((`item` left join `model_property_value` `pv_length` on(((`item`.`type` = `pv_length`.`type`) and (`item`.`vendor` = `pv_length`.`vendor`) and (`item`.`model_name` = `pv_length`.`model_name`) and (`pv_length`.`name` = 'Длина')))) left join `model_property_value` `pv_width` on(((`item`.`type` = `pv_width`.`type`) and (`item`.`vendor` = `pv_width`.`vendor`) and (`item`.`model_name` = `pv_width`.`model_name`) and (`pv_width`.`name` = 'Ширина')))) left join `model_property_value` `pv_material` on(((`item`.`type` = `pv_material`.`type`) and (`item`.`vendor` = `pv_material`.`vendor`) and (`item`.`model_name` = `pv_material`.`model_name`) and (`pv_material`.`name` = 'Материал')))) left join `model_property_value` `pv_weight` on(((`item`.`type` = `pv_weight`.`type`) and (`item`.`vendor` = `pv_weight`.`vendor`) and (`item`.`model_name` = `pv_weight`.`model_name`) and (`pv_weight`.`name` = 'Вес')))) where (`item`.`type` = 'Петля') */;
/*!50001 SET character_set_client      = @saved_cs_client */;
/*!50001 SET character_set_results     = @saved_cs_results */;
/*!50001 SET collation_connection      = @saved_col_connection */;

--
-- Final view structure for view `rope`
--

/*!50001 DROP TABLE IF EXISTS `rope`*/;
/*!50001 DROP VIEW IF EXISTS `rope`*/;
/*!50001 SET @saved_cs_client          = @@character_set_client */;
/*!50001 SET @saved_cs_results         = @@character_set_results */;
/*!50001 SET @saved_col_connection     = @@collation_connection */;
/*!50001 SET character_set_client      = utf8 */;
/*!50001 SET character_set_results     = utf8 */;
/*!50001 SET collation_connection      = utf8_general_ci */;
/*!50001 CREATE ALGORITHM=UNDEFINED */
/*!50013 DEFINER=`root`@`localhost` SQL SECURITY DEFINER */
/*!50001 VIEW `rope` AS select `item`.`id` AS `Ид`,`item`.`number` AS `№`,`item`.`model_name` AS `Модель`,`item`.`vendor` AS `Производитель`,`item`.`receipt_date` AS `Дата добавления`,cast(`pv_length`.`value` as unsigned) AS `Длина`,cast(`pv_diameter`.`value` as decimal(3,1)) AS `Ø`,`pv_colour`.`value` AS `Цвет`,`item`.`note` AS `Примечание` from (((`item` left join `item_property_value` `pv_length` on(((`item`.`id` = `pv_length`.`item_id`) and (`pv_length`.`name` = 'Длина')))) left join `item_property_value` `pv_colour` on(((`item`.`id` = `pv_colour`.`item_id`) and (`pv_colour`.`name` = 'Цвет')))) left join `model_property_value` `pv_diameter` on(((`item`.`type` = `pv_diameter`.`type`) and (`item`.`vendor` = `pv_diameter`.`vendor`) and (`item`.`model_name` = `pv_diameter`.`model_name`) and (`pv_diameter`.`name` = 'Диаметр')))) where (`item`.`type` = 'Верёвка') */;
/*!50001 SET character_set_client      = @saved_cs_client */;
/*!50001 SET character_set_results     = @saved_cs_results */;
/*!50001 SET collation_connection      = @saved_col_connection */;

--
-- Final view structure for view `tent`
--

/*!50001 DROP TABLE IF EXISTS `tent`*/;
/*!50001 DROP VIEW IF EXISTS `tent`*/;
/*!50001 SET @saved_cs_client          = @@character_set_client */;
/*!50001 SET @saved_cs_results         = @@character_set_results */;
/*!50001 SET @saved_col_connection     = @@collation_connection */;
/*!50001 SET character_set_client      = utf8 */;
/*!50001 SET character_set_results     = utf8 */;
/*!50001 SET collation_connection      = utf8_general_ci */;
/*!50001 CREATE ALGORITHM=UNDEFINED */
/*!50013 DEFINER=`root`@`localhost` SQL SECURITY DEFINER */
/*!50001 VIEW `tent` AS select `item`.`id` AS `Ид`,`item`.`number` AS `№`,`item`.`model_name` AS `Модель`,`item`.`vendor` AS `Производитель`,`item`.`receipt_date` AS `Дата добавления`,cast(`pv_person`.`value` as unsigned) AS `Количество мест`,cast(`pv_weight`.`value` as decimal(4,2)) AS `Вес`,`pv_material_frame`.`value` AS `Материал каркаса`,cast(`pv_diameter_frame`.`value` as decimal(3,1)) AS `Диаметр стоек каркаса`,`item`.`note` AS `Примечание` from ((((`item` left join `model_property_value` `pv_person` on(((`item`.`type` = `pv_person`.`type`) and (`item`.`vendor` = `pv_person`.`vendor`) and (`item`.`model_name` = `pv_person`.`model_name`) and (`pv_person`.`name` = 'Количество мест')))) left join `model_property_value` `pv_weight` on(((`item`.`type` = `pv_weight`.`type`) and (`item`.`vendor` = `pv_weight`.`vendor`) and (`item`.`model_name` = `pv_weight`.`model_name`) and (`pv_weight`.`name` = 'Вес')))) left join `model_property_value` `pv_material_frame` on(((`item`.`type` = `pv_material_frame`.`type`) and (`item`.`vendor` = `pv_material_frame`.`vendor`) and (`item`.`model_name` = `pv_material_frame`.`model_name`) and (`pv_material_frame`.`name` = 'Материал каркаса')))) left join `model_property_value` `pv_diameter_frame` on(((`item`.`type` = `pv_diameter_frame`.`type`) and (`item`.`vendor` = `pv_diameter_frame`.`vendor`) and (`item`.`model_name` = `pv_diameter_frame`.`model_name`) and (`pv_diameter_frame`.`name` = 'Диаметр стоек каркаса')))) where (`item`.`type` = 'Палатка') */;
/*!50001 SET character_set_client      = @saved_cs_client */;
/*!50001 SET character_set_results     = @saved_cs_results */;
/*!50001 SET collation_connection      = @saved_col_connection */;

--
-- Final view structure for view `top_harness`
--

/*!50001 DROP TABLE IF EXISTS `top_harness`*/;
/*!50001 DROP VIEW IF EXISTS `top_harness`*/;
/*!50001 SET @saved_cs_client          = @@character_set_client */;
/*!50001 SET @saved_cs_results         = @@character_set_results */;
/*!50001 SET @saved_col_connection     = @@collation_connection */;
/*!50001 SET character_set_client      = utf8 */;
/*!50001 SET character_set_results     = utf8 */;
/*!50001 SET collation_connection      = utf8_general_ci */;
/*!50001 CREATE ALGORITHM=UNDEFINED */
/*!50013 DEFINER=`root`@`localhost` SQL SECURITY DEFINER */
/*!50001 VIEW `top_harness` AS select `item`.`id` AS `Ид`,`item`.`number` AS `№`,`item`.`model_name` AS `Модель`,`item`.`vendor` AS `Производитель`,`item`.`receipt_date` AS `Дата добавления`,`pv_create_date`.`value` AS `Дата производства`,`item`.`note` AS `Примечание` from (`item` left join `item_property_value` `pv_create_date` on(((`item`.`id` = `pv_create_date`.`item_id`) and (`pv_create_date`.`name` = 'Дата производства')))) where (`item`.`type` = 'Верхнаяя система') */;
/*!50001 SET character_set_client      = @saved_cs_client */;
/*!50001 SET character_set_results     = @saved_cs_results */;
/*!50001 SET collation_connection      = @saved_col_connection */;
/*!40103 SET TIME_ZONE=@OLD_TIME_ZONE */;

/*!40101 SET SQL_MODE=@OLD_SQL_MODE */;
/*!40014 SET FOREIGN_KEY_CHECKS=@OLD_FOREIGN_KEY_CHECKS */;
/*!40014 SET UNIQUE_CHECKS=@OLD_UNIQUE_CHECKS */;
/*!40101 SET CHARACTER_SET_CLIENT=@OLD_CHARACTER_SET_CLIENT */;
/*!40101 SET CHARACTER_SET_RESULTS=@OLD_CHARACTER_SET_RESULTS */;
/*!40101 SET COLLATION_CONNECTION=@OLD_COLLATION_CONNECTION */;
/*!40111 SET SQL_NOTES=@OLD_SQL_NOTES */;

-- Dump completed on 2011-05-26 17:15:04
